id,title,imdb_index,kind_id,production_year,imdb_id,phonetic_code,episode_of_id,season_nr,episode_nr,series_years,md5sum
634,ctyxvgbnigcqbegyatvenllsewdztgzdortmjkolyshywdrznsjzmjtvtnopuhsntiprwvtqevkdpqjtqwcclfdfbjlcnpqsqvvjxcjhgofwtpzopkxlpeiykakiehsyfgqrqxdagfjiecxqrzajkvsocsxoblmjxpljkkpnsmrdnxoczbrsbukhjofyqshqrshlcsfh,gmixzareahij,669,678,691,apxmq,103,669,251,zugppcomdeujwzybbuczgdcmlvieqnjhvudhpgbbiaxdjngcs,bzrpkiawfnxgohbrphveeqkmabfvwqtg
634,ctyxvgbnigcqbegyatvenllsewdztgzdortmjkolyshywdrznsjzmjtvtnopuhsntiprwvtqevkdpqjtqwcclfdfbjlcnpqsqvvjxcjhgofwtpzopkxlpeiykakiehsyfgqrqxdagfjiecxqrzajkvsocsxoblmjxpljkkpnsmrdnxoczbrsbukhjofyqshqrshlcsfh,gmixzareahij,669,678,691,apxmq,103,669,251,zugppcomdeujwzybbuczgdcmlvieqnjhvudhpgbbiaxdjngcs,bzrpkiawfnxgohbrphveeqkmabfvwqtg
634,ctyxvgbnigcqbegyatvenllsewdztgzdortmjkolyshywdrznsjzmjtvtnopuhsntiprwvtqevkdpqjtqwcclfdfbjlcnpqsqvvjxcjhgofwtpzopkxlpeiykakiehsyfgqrqxdagfjiecxqrzajkvsocsxoblmjxpljkkpnsmrdnxoczbrsbukhjofyqshqrshlcsfh,gmixzareahij,669,678,691,apxmq,103,669,251,zugppcomdeujwzybbuczgdcmlvieqnjhvudhpgbbiaxdjngcs,bzrpkiawfnxgohbrphveeqkmabfvwqtg
634,ctyxvgbnigcqbegyatvenllsewdztgzdortmjkolyshywdrznsjzmjtvtnopuhsntiprwvtqevkdpqjtqwcclfdfbjlcnpqsqvvjxcjhgofwtpzopkxlpeiykakiehsyfgqrqxdagfjiecxqrzajkvsocsxoblmjxpljkkpnsmrdnxoczbrsbukhjofyqshqrshlcsfh,gmixzareahij,669,678,691,apxmq,103,669,251,zugppcomdeujwzybbuczgdcmlvieqnjhvudhpgbbiaxdjngcs,bzrpkiawfnxgohbrphveeqkmabfvwqtg
634,ctyxvgbnigcqbegyatvenllsewdztgzdortmjkolyshywdrznsjzmjtvtnopuhsntiprwvtqevkdpqjtqwcclfdfbjlcnpqsqvvjxcjhgofwtpzopkxlpeiykakiehsyfgqrqxdagfjiecxqrzajkvsocsxoblmjxpljkkpnsmrdnxoczbrsbukhjofyqshqrshlcsfh,gmixzareahij,669,678,691,apxmq,103,669,251,zugppcomdeujwzybbuczgdcmlvieqnjhvudhpgbbiaxdjngcs,bzrpkiawfnxgohbrphveeqkmabfvwqtg
634,ctyxvgbnigcqbegyatvenllsewdztgzdortmjkolyshywdrznsjzmjtvtnopuhsntiprwvtqevkdpqjtqwcclfdfbjlcnpqsqvvjxcjhgofwtpzopkxlpeiykakiehsyfgqrqxdagfjiecxqrzajkvsocsxoblmjxpljkkpnsmrdnxoczbrsbukhjofyqshqrshlcsfh,gmixzareahij,669,678,691,apxmq,103,669,251,zugppcomdeujwzybbuczgdcmlvieqnjhvudhpgbbiaxdjngcs,bzrpkiawfnxgohbrphveeqkmabfvwqtg
634,ctyxvgbnigcqbegyatvenllsewdztgzdortmjkolyshywdrznsjzmjtvtnopuhsntiprwvtqevkdpqjtqwcclfdfbjlcnpqsqvvjxcjhgofwtpzopkxlpeiykakiehsyfgqrqxdagfjiecxqrzajkvsocsxoblmjxpljkkpnsmrdnxoczbrsbukhjofyqshqrshlcsfh,gmixzareahij,669,678,691,apxmq,103,669,251,zugppcomdeujwzybbuczgdcmlvieqnjhvudhpgbbiaxdjngcs,bzrpkiawfnxgohbrphveeqkmabfvwqtg
634,ctyxvgbnigcqbegyatvenllsewdztgzdortmjkolyshywdrznsjzmjtvtnopuhsntiprwvtqevkdpqjtqwcclfdfbjlcnpqsqvvjxcjhgofwtpzopkxlpeiykakiehsyfgqrqxdagfjiecxqrzajkvsocsxoblmjxpljkkpnsmrdnxoczbrsbukhjofyqshqrshlcsfh,gmixzareahij,669,678,691,apxmq,103,669,251,zugppcomdeujwzybbuczgdcmlvieqnjhvudhpgbbiaxdjngcs,bzrpkiawfnxgohbrphveeqkmabfvwqtg
634,ctyxvgbnigcqbegyatvenllsewdztgzdortmjkolyshywdrznsjzmjtvtnopuhsntiprwvtqevkdpqjtqwcclfdfbjlcnpqsqvvjxcjhgofwtpzopkxlpeiykakiehsyfgqrqxdagfjiecxqrzajkvsocsxoblmjxpljkkpnsmrdnxoczbrsbukhjofyqshqrshlcsfh,gmixzareahij,669,678,691,apxmq,103,669,251,zugppcomdeujwzybbuczgdcmlvieqnjhvudhpgbbiaxdjngcs,bzrpkiawfnxgohbrphveeqkmabfvwqtg
634,ctyxvgbnigcqbegyatvenllsewdztgzdortmjkolyshywdrznsjzmjtvtnopuhsntiprwvtqevkdpqjtqwcclfdfbjlcnpqsqvvjxcjhgofwtpzopkxlpeiykakiehsyfgqrqxdagfjiecxqrzajkvsocsxoblmjxpljkkpnsmrdnxoczbrsbukhjofyqshqrshlcsfh,gmixzareahij,669,678,691,apxmq,103,669,251,zugppcomdeujwzybbuczgdcmlvieqnjhvudhpgbbiaxdjngcs,bzrpkiawfnxgohbrphveeqkmabfvwqtg
634,ctyxvgbnigcqbegyatvenllsewdztgzdortmjkolyshywdrznsjzmjtvtnopuhsntiprwvtqevkdpqjtqwcclfdfbjlcnpqsqvvjxcjhgofwtpzopkxlpeiykakiehsyfgqrqxdagfjiecxqrzajkvsocsxoblmjxpljkkpnsmrdnxoczbrsbukhjofyqshqrshlcsfh,gmixzareahij,669,678,691,apxmq,103,669,251,zugppcomdeujwzybbuczgdcmlvieqnjhvudhpgbbiaxdjngcs,bzrpkiawfnxgohbrphveeqkmabfvwqtg
634,ctyxvgbnigcqbegyatvenllsewdztgzdortmjkolyshywdrznsjzmjtvtnopuhsntiprwvtqevkdpqjtqwcclfdfbjlcnpqsqvvjxcjhgofwtpzopkxlpeiykakiehsyfgqrqxdagfjiecxqrzajkvsocsxoblmjxpljkkpnsmrdnxoczbrsbukhjofyqshqrshlcsfh,gmixzareahij,669,678,691,apxmq,103,669,251,zugppcomdeujwzybbuczgdcmlvieqnjhvudhpgbbiaxdjngcs,bzrpkiawfnxgohbrphveeqkmabfvwqtg
634,ctyxvgbnigcqbegyatvenllsewdztgzdortmjkolyshywdrznsjzmjtvtnopuhsntiprwvtqevkdpqjtqwcclfdfbjlcnpqsqvvjxcjhgofwtpzopkxlpeiykakiehsyfgqrqxdagfjiecxqrzajkvsocsxoblmjxpljkkpnsmrdnxoczbrsbukhjofyqshqrshlcsfh,gmixzareahij,669,678,691,apxmq,103,669,251,zugppcomdeujwzybbuczgdcmlvieqnjhvudhpgbbiaxdjngcs,bzrpkiawfnxgohbrphveeqkmabfvwqtg
634,ctyxvgbnigcqbegyatvenllsewdztgzdortmjkolyshywdrznsjzmjtvtnopuhsntiprwvtqevkdpqjtqwcclfdfbjlcnpqsqvvjxcjhgofwtpzopkxlpeiykakiehsyfgqrqxdagfjiecxqrzajkvsocsxoblmjxpljkkpnsmrdnxoczbrsbukhjofyqshqrshlcsfh,gmixzareahij,669,678,691,apxmq,103,669,251,zugppcomdeujwzybbuczgdcmlvieqnjhvudhpgbbiaxdjngcs,bzrpkiawfnxgohbrphveeqkmabfvwqtg
634,ctyxvgbnigcqbegyatvenllsewdztgzdortmjkolyshywdrznsjzmjtvtnopuhsntiprwvtqevkdpqjtqwcclfdfbjlcnpqsqvvjxcjhgofwtpzopkxlpeiykakiehsyfgqrqxdagfjiecxqrzajkvsocsxoblmjxpljkkpnsmrdnxoczbrsbukhjofyqshqrshlcsfh,gmixzareahij,669,678,691,apxmq,103,669,251,zugppcomdeujwzybbuczgdcmlvieqnjhvudhpgbbiaxdjngcs,bzrpkiawfnxgohbrphveeqkmabfvwqtg
634,ctyxvgbnigcqbegyatvenllsewdztgzdortmjkolyshywdrznsjzmjtvtnopuhsntiprwvtqevkdpqjtqwcclfdfbjlcnpqsqvvjxcjhgofwtpzopkxlpeiykakiehsyfgqrqxdagfjiecxqrzajkvsocsxoblmjxpljkkpnsmrdnxoczbrsbukhjofyqshqrshlcsfh,gmixzareahij,669,678,691,apxmq,103,669,251,zugppcomdeujwzybbuczgdcmlvieqnjhvudhpgbbiaxdjngcs,bzrpkiawfnxgohbrphveeqkmabfvwqtg
634,ctyxvgbnigcqbegyatvenllsewdztgzdortmjkolyshywdrznsjzmjtvtnopuhsntiprwvtqevkdpqjtqwcclfdfbjlcnpqsqvvjxcjhgofwtpzopkxlpeiykakiehsyfgqrqxdagfjiecxqrzajkvsocsxoblmjxpljkkpnsmrdnxoczbrsbukhjofyqshqrshlcsfh,gmixzareahij,669,678,691,apxmq,103,669,251,zugppcomdeujwzybbuczgdcmlvieqnjhvudhpgbbiaxdjngcs,bzrpkiawfnxgohbrphveeqkmabfvwqtg
